Original Prompt,Original Command,Valid (T/F),Duplicate (T/F),Valid Prompt (T/F),Valid Environment (T/F),Valid Command (T/F),Corrected Prompt,Corrected Environment,Corrected Command,Functionally Equivalent Command,Notes,Remove (T/F)
"Calculate a list of duplicate md5 sum hashes for all the "".java"" files in the /testbed directory",md5sum /testbed/*.java | awk '{print $1}' | sort | uniq -d,T,F,T,T,T,NA,NA,NA,"find /testbed -type f -name ""*.java"" -exec md5sum {} + | sort | uniq -w32 -d -c | sort -nr",NA,F
Calculate md5 sum of the md5 sum of all the sorted files under /testbed/dir2/subdir2,find /testbed/dir2/subdir2 -type f -print0 | sort -z | xargs -r0 md5sum | md5sum,F,F,F,T,F,Calculate the md5 sum of the md5 sum of all the files under /testbed/dir2/subdir2 sorted by filename,NA,find /testbed/dir2/subdir2 -type f -print0 | sort -z | xargs -0 md5sum | awk '{print $1}' | md5sum,ls -1 /testbed/dir2/subdir2/* | sort | xargs md5sum | awk '{print $1}' | md5sum,"Prompt is ambiguous if you sort by file path or md5sum value, and ambiguous if you include path in the final md5sum. Task is sensitive to newlines and null terminators.",F
"Calculate the md5 sum of the contents of the sorted list of files ""$FILES""",cat $(echo $FILES | sort) | md5sum,F,F,T,F,F,NA,"ENV FILES=""/testbed/hello.c /testbed/FooBar.html""",cat $(echo $FILES | tr ' ' '\n' | sort) | md5sum,"echo ""$FILES"" | tr ' ' '\n' | sort | xargs cat | md5sum",The FILES environment variable is not set.,F
Calculate the md5 sum of the md5 sum of all the files sorted under /testbed/dir2/subdir2,find testbed/dir2/subdir2 -type f -print0 | sort -z | xargs -r0 md5sum | md5sum,F,T,F,T,F,NA,NA,NA,NA,Duplicate of 1.,T
"Calculate the md5 sum of the sorted list of md5 sums of all "".py"" files under /testbed/dir1/subdir1",find /testbed/dir1/subdir1 -type f -name *.py -exec md5sum {} + | awk '{print $1}' | sort | md5sum,T,F,T,T,T,NA,NA,NA,find /testbed/dir1/subdir1 -type f -name '*.py' -print0 | xargs -0 md5sum | awk '{print $1}' | sort | md5sum,Prompt ambiguous if you include path in the final md5sum. Task is sensitive to newlines and null terminators.,F
"Calculate the md5sum of each "".py"" file under /testbed/dir1/subdir1, sort the output, and calculate the md5sum of that","find /testbed/dir1/subdir1 -type f -name ""*.py"" -exec md5sum {} + | awk '{print $1}' | sort | md5sum",F,T,T,T,T,NA,NA,NA,NA,Duplicate of 4.,T
"Calculate the total disk usage for each "".txt"" file on the /testbed directory and prepend the system host name to the output",find /testbed / -iname '*.txt' -exec du -s {} + | sed 's/^/$(hostname): /',F,F,T,T,F,NA,NA,"find /testbed -name ""*.txt"" -exec du {} + | awk -v hostname=""$(hostname)"" '{print hostname, $0}'","find /testbed -name ""*.txt"" -exec du -h {} + | awk -v hostname=""$(hostname)"" '{print hostname, $0}'",Command incorrectly searches the root directory and does not prepend the hostname.,F
"Change directory to the directory containing the executable file of command ""python""",cd $(which python | xargs dirname),F,F,F,F,F,NA,NA,NA,NA,Python is not installed on the system. InterCode does not correctly handle cd commands. Only 3 commands in the dataset use cd.,T
Change permissions for all PHP files under the /testbed directory tree to 755 and print the number of files changed,"find /testbed -name ""*.php"" -exec chmod 755 {} \; -exec /bin/echo {} \; | wc -l",T,F,T,T,T,NA,NA,NA,"find /testbed -type f -name ""*.php"" -exec chmod 755 {} \; -print | wc -l",NA,F
Check if current shell is running within a 'screen' process.,pstree --show-parents -p $$ | head -n 1 | sed 's/\(.*\)+.*/\1/' | wc -l,F,F,F,T,F,"Check if the current shell is running within a 'screen' process and print ""True"" or ""False""",NA,"pstree -s $$ | grep -q ""screen"" && echo ""True"" || echo ""False""","ps -o comm= $(pstree -sp $$ | awk -F '[^0-9]*' '{print $2}') | grep -q 'screen' && echo ""True"" || echo ""False""",Command does not check for screen process. Prompt does not specify what output to return to user.,F
Check if the contents of file /testbed/dir3/subdir1/subsubdir1/textfile3.txt is a subset of file /testbed/dir2/subdir1/textfile2.txt,comm -23 <(sort /testbed/dir3/subdir1/subsubdir1/textfile3.txt | uniq) <(sort /testbed/dir2/subdir1/textfile2.txt | uniq) | head -1,F,F,F,T,F,"Print ""True"" if the contents of file /testbed/dir3/subdir1/subsubdir1/textfile3.txt is a subset of file /testbed/dir2/subdir1/textfile2.txt, otherwise print ""False""",NA,"comm -23 <(sort /testbed/dir3/subdir1/subsubdir1/textfile3.txt | uniq) <(sort /testbed/dir2/subdir1/textfile2.txt | uniq) | head -1 | grep -q '.' && echo ""False"" || echo ""True""","comm -23 <(sort /testbed/dir3/subdir1/subsubdir1/textfile3.txt | uniq) <(sort /testbed/dir2/subdir1/textfile2.txt | uniq) | grep -q '.' && echo ""False"" || echo ""True""",Prompt does not specify what output to return to user.,F
Compress in parallel regular files in the testbed directory tree that were last modified more than 7 days ago,find /testbed -type f  -mtime +7 | tee compressedP.list | xargs -I{} -P10 compress {} &,F,F,F,T,F,Compress regular files in the testbed directory tree that were last modified more than 7 days ago in parallel using gzip,NA,find /testbed -type f -mtime +7 -print0 | xargs -0 -P 4 gzip,find /testbed -type f -mtime +7 -print0 | xargs -0 -P 0 gzip,Prompt does not specify how to compress files. Command does not execute.,T
Compress regular files in the testbed directory tree that were last modified more than 7 days ago,find /testbed -type f -mtime +7 | tee compressedP.list | xargs -0 gzip,F,T,F,T,F,NA,NA,NA,NA,Duplicate of 11.,T
Compute the mean average of the word count of *.txt files in the /testbed directory,find /testbed -name '*.txt' -print0 | xargs -0 wc -w | awk 'END { print $1/(NR-1) }',T,F,T,T,T,NA,NA,NA,"find /testbed -type f -name ""*.txt"" -exec wc -w {} + | awk '{total = $1} END {print total/(NR-1)}'",NA,F
Compute the mean average of the word count of *.txt files smaller than 2000 words in the /testbed directory,find /testbed  -name '*.txt' -print0 | xargs -0 wc -w | awk '$1 < 2000 {v += $1; c++} END {print v/c}',F,F,F,F,F,Compute the mean average of the word count of *.txt files smaller than 6 words in the /testbed directory,NA,find /testbed -name '*.txt' -print0 | xargs -0 wc -w | awk '$1 < 6 {v += $1; c++} END {print v/c}',"find /testbed -name '*.txt' -print0 | xargs -0 wc -w | awk '$1 < 6 {v += $1; c++} END {print v/c, ""words""}'",The environment does not have any text files greater than 2000 words.,F
"Copies all files with ""FooBar"" in the path under the '/testbed/dir1' directory to the '/testbed/dir3/subdir1/subsubdir1/tmp' directory.",find /testbed -name '*FooBar*' -print0 | xargs -0 -I{} cp -R {} /testbed/dir3/subdir1/subsubdir1/tmp,F,F,F,T,F,"Copy all files with ""FooBar"" in the path under the '/testbed' directory to the '/testbed/dir3/subdir1/subsubdir1/tmp' directory.",NA,find /testbed -path '*FooBar*' -print0 | xargs -0 -I{} cp -r {} /testbed/dir3/subdir1/subsubdir1/tmp,find /testbed -path '*FooBar*' -print0 | xargs -0 -I{} cp -R {} /testbed/dir3/subdir1/subsubdir1/tmp,Command uses testbed/ instead of testbed/dir1/ and -name instead of -path.,F
Construction with additional '-exec true' to be used if both commands need to run regardless of their success or failure.,"find /testbed -name ""*.txt"" \( -exec echo {} \; -o -exec true \; \) -exec grep banana {} \;",F,F,F,F,F,"search for all .txt files in the /testbed directory, prints their paths, and then search within each file for the word ""another""",NA,"find /testbed -name ""*.txt"" \( -exec echo {} \; -o -exec true \; \) -exec grep another {} \;","find /testbed -type f -name ""*.txt"" -print -exec grep -H ""another"" {} \;","Prompt does not describe a task. Environment does not contain any files with the word ""banana""",F
"Convert the first 16 characters in ""/testbed/textfile7.txt"" to a single hexadecimal value",head /testbed/textfile7.txt -c16 | od -tx1 -w16 | head -n1 | cut -d' ' -f2- | tr -d ' ',T,F,T,T,T,NA,NA,NA,head -c 16 /testbed/textfile7.txt | od -An -tx1 | tr -d ' \n',NA,F
"Copies all files under the /testbed folder like ""file.txt"" with ""FooBar"" in the path to the root of the current folder, preserving mode, ownership and timestamp attributes.","find /testbed -name ""file.txt""| grep ""FooBar"" | xargs -i cp -p ""{}"" .",F,F,T,T,F,NA,NA,"find /testbed -type f -path '*FooBar*' | xargs -i cp -p ""{}"" .","find /testbed -type f -path '*FooBar*' -exec cp --preserve=mode,ownership,timestamps {} ./ \;",Command incorrectly uses -name instead of -path.,F
"Copy all files below the /testbed directory whose names contain ""FooBar"" to directory '/testbed/dir3/subdir1/subsubdir1/tmp'",find /testbed -name '*FooBar*' -print0 | xargs -0 -I{} cp -R {} /testbed/dir3/subdir1/subsubdir1/tmp,F,F,F,T,T,"Copy all files and folders below the /testbed directory whose names contain ""FooBar"" to directory '/testbed/dir3/subdir1/subsubdir1/tmp'",NA,NA,"find /testbed -name ""*FooBar*"" -exec cp -r {} /testbed/dir3/subdir1/subsubdir1/tmp \;",Command copies folders but prompt only specifies files.,F
Count all the lines of all '*.c' files in /testbed directory recursively,"find /testbed -name ""*.c"" -print0 | xargs -0 cat | wc -l",T,F,T,T,T,NA,NA,NA,"find /testbed -name ""*.c"" -exec wc -l {} + | awk '{s+=$1} END {print s}'",NA,F
Count all the lines of all files with names ending with 'php' in current directory recursively,find -name '*php' | xargs cat | wc -l,F,F,F,T,F,Count all the lines of all files with names ending with 'php' in current directory and subdirectories recursively,NA,find . -type f -name '*php' | xargs cat | wc -l,find . -type f -name '*.php' -exec wc -l {} + | awk '{s=$1} END {print s}',Command does not explicitly search for files. Prompt does not specify if subdirectories are included.,F
Count all the lines of all php files in the /testbed directory recursively,find /testbed/ -name '*.php' | xargs cat | wc -l,T,F,T,T,T,NA,NA,NA,find /testbed/ -type f -name '*.php' | xargs cat | wc -l,NA,F
Count all the lines of code in all php files in the /testbed directory recursively,"find /testbed -name ""*.php"" -type f -exec grep -v -c '^$' {} + | awk '{ cnt += $0 } END { print cnt }'",F,T,T,T,T,NA,NA,NA,NA,Duplicate of 22.,T
Count md5sum of all '*.py' files in /testbed folder with subfolders.,"find /testbed -type f -name ""*.py"" -exec md5sum {} + | awk '{print $1}' | sort | md5sum",F,F,F,T,F,Calculate the md5sum of all '*.py' files in /testbed folder and sub folders.,NA,"find /testbed -type f -name ""*.py"" -exec md5sum {} +","find /testbed -type f -name ""*.py"" -print0 | xargs -0 md5sum","Prompt asks for a count of md5sums, ambiguous.",F
"Count the *.html files residing in the /testbed directory tree and containing string ""foo""","find /testbed -name ""*.html"" | xargs grep -l foo | wc -l",F,F,T,F,T,NA,"echo '<html><head><title>Test</title></head><body><h1>Hello, foo!</h1></body></html>' > /testbed/index.html",NA,"find /testbed -name ""*.html"" -exec grep -l foo {} + | wc -l",The testbed directory does not contain any .html files.,F
Count the number of files named 'job.history' under '/testbed' directory tree that match 'FAIL' in their contents,find /testbed -name job.history | xargs grep -l FAIL | wc -l,F,T,T,F,T,NA,NA,NA,NA,Duplicate of 25.,T
Count the number of files/directories with '.php' extension under /testbed directory tree and change the permissions to 755,"find /testbed -name ""*.php"" -exec chmod 755 {} \; -exec /bin/echo {} \; | wc -l",T,F,T,T,T,NA,NA,NA,find /testbed -type f -name '*.php' -exec chmod 755 {} \; -print | wc -l,NA,F
"Count the number of lines in all "".php"" files in the /testbed directory tree",find /testbed -name '*.php' -type f | xargs cat | wc -l,F,T,T,T,T,NA,NA,NA,NA,Duplicate of 22.,T
Count the number of lines in all files in the /testbed directory tree that match pattern 'foo??',find /testbed/ -name 'foo??' | sort | xargs wc -l,F,F,F,F,F,Count the number of lines in all files in the /testbed directory tree that match pattern '*file*',NA,find /testbed/ -name '*file*' | sort | xargs wc -l,find /testbed -type f -name '*file*' -exec wc -l {} +,"No files in the testbed directory match the pattern ""foo??""",F
Count the number of regular files in directory tree ${DIRECTORY} that contain a vowel in their names,find ${DIRECTORY} -type f -print | sed -e 's@^.*/@@' | grep '[aeiouyAEIOUY]' | wc -l,T,F,T,T,T,NA,NA,NA,"find ""${DIRECTORY}"" -type f -print | awk -F/ '{print $NF}' | grep -i '[aeiouy]' | wc -l",NA,F
Count the number of unique file extensions in the /testbed directory tree,find /testbed -type f | sed -e 's/.*\.//' | sed -e 's/.*\///' | sort | uniq -c | sort -rn,F,F,F,T,T,Count the number of files for each unique file extensions in the /testbed directory tree.,NA,NA,find /testbed -type f | awk -F. '{if (NF>1) print $NF}' | sort | uniq -c | sort -nr,Prompt does not specify if the total number of unique file types of the count of files for each unique type should be printed.,F
"Count the total number of lines in all ""*.gz"" files in the /testbed directory tree after decompression",find /testbed -type f -name '*.gz' | xargs zcat | wc -l,F,F,T,F,T,NA,gzip -c /testbed/index.html > /testbed/index.html.gz,NA,"find /testbed -type f -name ""*.gz"" -exec sh -c 'gunzip -c ""$0"" | wc -l' {} \; | awk '{s+=$1} END {print s}'",Environment does not contain any .gz files.,F
Counts all files in the /testbed folder and subfolders.,find /testbed -type f -exec ls -l {} \; | wc -l,T,F,T,T,T,NA,NA,NA,find /testbed -type f | wc -l,NA,F
Count lines in each *.php file sorted by file in /testbed directory.,find /testbed -name '*.php' -type f | sort | xargs wc -l,T,F,T,T,T,NA,NA,NA,"find /testbed -type f -name ""*.php"" -exec wc -l {} + | sort",NA,F
"Counts lines in each *.php file in /testbed directory, sorted by number of lines, descending.",find /testbed -name '*.php' -type f | xargs wc -l | sort -nr,T,F,T,T,T,NA,NA,NA,"find /testbed -type f -name ""*.php"" -exec wc -l {} + | sort -rn",NA,F
Counts lines in each of *.php files in the /testbed folder and subfolders and prints total count.,find /testbed -name '*.php' | awk '{print $0}' |xargs wc -l,F,T,T,T,T,NA,NA,NA,NA,Duplicate of 22.,T
Counts lines in each of *.php files in the /testbed folder with subfolders and prints total count as well.,find /testbed -name '*.php' | xargs wc -l | sort -r,F,T,T,T,T,NA,NA,NA,NA,Duplicate of 22.,T
"Counts number of occurences of all ip addresses in '/etc/networks' file, and prints all addresses with number of occurences in a descending order.",cat /etc/networks | sort | uniq -c | sort -nr | awk '{print $2 $1}',F,F,T,T,F,NA,NA,"grep -oE '([0-9]{1,3}\.){3}[0-9]{1,3}' /etc/networks | sort | uniq -c | sort -nr","awk '{for (i=1; i<=NF; i++) if ($i ~ /([0-9]{1,3}\.){3}[0-9]{1,3}/) print $i}' /etc/networks | sort | uniq -c | sort -nr","Command prints symbolic name, not the address.",F
Counts sum of non-empty lines from all .php files in /testbed folder.,"find /testbed -name ""*.php"" -type f -exec grep -v -c '^$' {} + | awk '{ cnt += $0 } END { print cnt }'",F,T,T,T,T,NA,NA,NA,NA,Duplicate of 22.,T
Counts total lines in all *.php files in the /testbed directory recursively,find /testbed -name '*.php' -type f | xargs cat | wc -l,F,T,T,T,T,NA,NA,NA,NA,Duplicate of 22.,T
Counts total number of only lines with alphanumeric symbols in all *.php files in the /testbed folder and subfolders.,find /testbed -name '*.php' | xargs cat | awk '/[a-zA-Z0-9]/ {i++} END{print i}',F,F,T,F,T,NA,"echo -e '<?php echo ""Hello, world!""; ?>\n<>' > /testbed/hello1.php",NA,find /testbed -type f -name '*.php' -exec grep -H '.*[[:alnum:]].*' {} + | wc -l,Environment does not include any php files that have non alphanumeric lines.,F
Counts total lines in PHP and JS files in /testbed.,find /testbed -name '*.js' -or -name '*.php' | xargs wc -l | grep 'total'  | awk '{print $1}',F,F,T,F,T,NA,"echo -e 'console.log(""Hello, world!"");\n<>' > /testbed/hello1.js",NA,find /testbed -type f \( -name '*.php' -o -name '*.js' \) -exec wc -l {} + | awk '{s=$1} END {print s}',Environment does not have any .js files.,F
"Create a table containing all information from /testbed/dir1/subdir1/textfile4.txt and /testbed/dir2/subdir2/textfile5.txt, merging lines where the first field of both files matches, and keeping the line that starts with ""Gene"" at the start of the file.",join -a1 -a2 <(sed s/^Gene/00ne/ /testbed/dir1/subdir1/textfile4.txt | sort) <(sed s/^Gene/00ne/ /testbed/dir2/subdir2/textfile5.txt | sort) | column -t | sed s/^00ne/Gene/,F,F,F,T,T,NA,NA,NA,NA,Ambiguous prompt.,T
"Create an empty file ""abc.txt"" in each directory named ""dir1"" under testbed directory.","find /testbed -type d -name ""dir1"" -print |  sed 's/$/\/abc.txt/g' | xargs touch",T,F,T,T,T,NA,NA,NA,"find testbed -type d -name ""dir1"" -exec touch {}/abc.txt \;",NA,F
"Create archive ""/backup1.tar"" of all subdirectories of the /testbed directory without the prefix ""testbed""","find /testbed -mindepth 1 -maxdepth 1 -type d | xargs tar czf /backup1.tar --transform 's,^testbed/,,'",F,F,T,F,T,NA,Add .gitkeep files to setup.sh,NA,"find /testbed -mindepth 1 -maxdepth 1 -type d | xargs tar -czf /backup1.tar --transform 's,^testbed/,,'",Environment git reset script results in different docker containers due to empty folders. This results in different tar files.,T
Create logs.tar.gz of all older than one day logs of Ubuntu,find /var/log/ -mtime +1 | xargs  tar -czvPf  /testbed/logs.tar.gz,T,F,T,T,T,NA,NA,NA,find /var/log -type f -mtime +1 -exec tar -czvPf /testbed/logs.tar.gz {} +,NA,F
"Delete and count files in ""/testbed/dir3/subdir1/subsubdir1/tmp"" that are older than 2 days",find /testbed/dir3/subdir1/subsubdir1/tmp -type f -mtime +2 -print0 | xargs -0 rm -f,F,F,F,T,T,"Delete files in ""/testbed/dir3/subdir1/subsubdir1/tmp"" that are older than 2 days",NA,NA,find /testbed/dir3/subdir1/subsubdir1/tmp -type f -mtime +2 -delete,Command does not count the number of files deleted.,F
Display the 5 largest files in the /testbed directory and its sub-directories.,find /testbed -type f -exec ls -s {} \; | sort -n -r | head -5,F,F,T,T,F,NA,NA,find /testbed -type f -exec du -b {} + | sort -rh | head -n 5,find /testbed -type f -print0 | xargs -0 du -b | sort -rn | head -n 5,Command uses ls which shows the allocated disk space not than the actual file size.,F
Display the 5 smallest files in the /testbed directory and its sub-directories ignoring any empty files.,find /testbed -not -empty -type f -exec ls -s {} \; | sort -n  | head -5,F,F,T,T,F,NA,NA,find /testbed -type f -size +0c -exec du -b {} + | sort -n | head -n 5,find /testbed -type f -size +0c -exec du -b {} + | sort -rh | tail -n 5,Command uses ls which shows the allocated disk space not than the actual file size.,F
Display the 5 smallest files in the /testbed directory and its sub-directories.,find /testbed -type f -exec ls -s {} \; | sort -n  | head -5,T,F,T,T,T,NA,NA,NA,find /testbed -type f -exec du -b {} + | sort -n | head -n 5,NA,F
Display the biggest file sizes only in the /testbed directory,find /testbed -type f -exec du -Sh {} + | sort -rh | head -n 5,F,F,F,T,F,Display the five biggest file sizes only in the /testbed directory,NA,find /testbed -type f -maxdepth 1 -exec du -b {} + | sort -rh | head -n 5,ls -lS /testbed | grep '^-' | head -n 5,Prompt does not specify the number of files to display. Command incorrectly uses du -h.,F
"Find .java files in the testbed directory tree that contain 'Hello', and print their names","find /testbed -name ""*.java"" -exec grep -Hin Hello {} + | cut -d "":"" -f 1 | xargs -I{} basename {}",T,F,T,T,T,NA,NA,NA,"find testbed -type f -name ""*.java"" -exec grep -l 'Hello' {} +",NA,F
Print a list of all duplicate case insensitive filenames in the /testbed directory tree,find /testbed -type f | awk -F/ '{print $NF}' | sort -f | uniq -i -d,T,F,T,T,T,NA,NA,NA,find /testbed -type f | awk -F/ '{print tolower($NF)}' | sort | uniq -d,NA,F
"Print all unique file paths under ""testbed/dir1"" compared to ""testbed/dir2""",comm -23 <(find /testbed/dir1 | sed 's#/testbed/dir1/##' | sort) <(find /testbed/dir2 | sed 's#/testbed/dir2/##' | sort) | sed 's#^#/testbed/dir1/#',T,F,T,T,T,NA,NA,NA,comm -23 <(find testbed/dir1 -type f | sed 's|testbed/dir1/||' | sort) <(find testbed/dir2 -type f | sed 's|testbed/dir2/||' | sort) | sed 's|^|testbed/dir1/|',NA,F
Recursively finds all files containing text 'Hello' and prints folder where they are placed.,"grep -r Hello * | awk '{split($1, path, "":""); print path[1]}' | xargs -I{} dirname {}",F,F,F,T,F,Recursively finds all files containing text 'Hello' in /testbed and prints folder where they are placed.,NA,grep -rl 'Hello' /testbed | xargs -I {} dirname {} | sort | uniq,find /testbed -type f -exec grep -l 'Hello' {} + | xargs -I {} dirname {} | sort | uniq,Prompt does not specify a directory. Command incorrectly uses awk.,F
Prints total number of lines of all *.java files in /testbed folder and subfolders.,find /testbed -name '*.java' -print0 |xargs -0 wc -l|grep 'total' |awk '{ print $1 }',T,F,T,T,T,NA,NA,NA,"find /testbed -name ""*.java"" -exec wc -l {} + | awk '{s=$1} END {print s}'",NA,F
Create a symbolc link in the /testbed/dir3/subdir1/subsubdir1/FooBar to root folder,ln /testbed/dir3/subdir1/subsubdir1/FooBar -s /,T,F,T,T,T,NA,NA,NA,ln -s /testbed/dir3/subdir1/subsubdir1/FooBar /,NA,F
search for all the files in the folder /testbed/dir1 which have sticky bit set and have the permissions 553,find /testbed/dir1 -perm 553,F,F,T,F,F,NA,echo 'File with perms' > /testbed/dir1/perms.txt; chmod 1553 /testbed/dir1/perms.txt,find /testbed/dir1 -perm 1553,find /testbed/dir1 -type f -perm 1553,Environment does not include a file with the correct permissions. Command does not check for sticky bit.,F
"search for php files in /testbed directory and search for ""world"" in all these files","find /testbed -name '*.php' -exec grep -iq ""world"" {} \; -print",T,F,T,T,T,NA,NA,NA,"find /testbed -name ""*.php"" -exec grep -H ""world"" {} \;",NA,F
"Recursively finds all files with any cased text ""Hello"" in the '/system/folder1' folder, and precedes found string with its number in file.","grep -inr ""Hello"" /system/folder1",T,F,T,T,T,NA,NA,NA,find /system/folder1 -type f -exec grep -inH 'hello' {} \;,NA,F
"Recursively finds all files with whole word ""foo"" in the '/system', and precedes found string with its number in file.","grep -rnw /system -e ""foo""",T,F,T,T,T,NA,NA,NA,grep -ronw '/system' -e 'foo',NA,F
Recursively list contents of the '/system' directory in a tree-like format,tree /system,T,F,T,T,T,NA,NA,NA,find /system -print | sed -e 's;[^/]*/;|___;g;s;___|; |;g',NA,F
Recursively print all files and directories in the '/system/folder2' directory tree including hidden files,tree -a /system/folder2,T,F,T,T,T,NA,NA,NA,find /system/folder2 -print | sed -e 's;[^/]*/;|___;g;s;___|; |;g',NA,F
"Recursively prints all folders in the '/system' folder that contain files like ""*.out"".","find /system -name ""*.out"" -print0 | xargs -0 -n1 /system | sort --unique",F,F,T,T,F,NA,NA,"find /system -type f -name ""*.out"" -print0 | xargs -0 -n1 dirname | sort -u","find /system -type f -name ""*.out"" -printf '%h\n' | sort -u","Original command uses xargs incorrectly, without the dirname utility.",F
"Recursively remove all ""*.txt"" files in the '/system' folder and answer ""y"" to any prompt",yes y | rm -r /system/*.txt,F,F,F,T,T,"Remove all ""*.txt"" files in the '/system' folder and answer ""y"" to any prompt",NA,NA,"find /system -maxdepth 1 -type f -name ""*.txt"" -exec rm -f {} \;",Gold command does not recurse into sub directories. Prompt changed to match gold command.,F
Recursively removes all empty folders from the /system/folder3/temp folder.,find /system/folder3/temp -depth -type d -exec rmdir {} \;,T,F,T,T,T,NA,NA,NA,find /system/folder3/temp -type d -empty -delete,NA,F
"Recursively removes all empty folders under /system/folder3/temp, printing info message on each operation, and suppressing error messages if folder is not empty.",find /system/folder3/temp -type d -empty -exec rmdir -vp --ignore-fail-on-non-empty {} +,T,F,T,T,T,NA,NA,NA,find /system/folder3/temp -type d -empty -print -delete 2>/dev/null,NA,F
Recursively removes all files in the /system/folder1 folder but '*txt' files.,find /system/folder1 -type f -not -name '*txt' | xargs rm,T,F,T,T,T,NA,NA,NA,find /system/folder1 -type f ! -name '*.txt' -print -delete,NA,F
"Recursively rename all files under /system/folder1 replacing 'special' with 'regular' - all file/diretory names may not include spaces, and directory names containing such files may not contain the word 'special' in their name.",find /system/folder1 -type f -exec rename 's/special/regular/' '{}' \;,F,F,F,F,F,Recursively rename all files under /system/folder2 replacing special with regular.,NA,"find /system/folder2 -type f -name '*special*' ! -path '*/special/*' -execdir bash -c 'mv ""$0"" ""${0/special/regular}""' {} \;","find /system/folder1 -type f -name '*special*' -exec bash -c 'for f; do mv -- ""$f"" ""${f%/*}/${f##*/special/regular}""; done' _ {} +",Folder1 does not contain any files with a name including 'special'. The rename utility is not installed on the system.,F
"Recursively search for ""foo"" in the '/system' folder and write the output to the console followed by the number of matched lines","grep -r ""foo"" /system | tee >(wc -l)",T,F,T,T,T,NA,NA,NA,"grep -r ""foo"" /system | awk '{print} END {print NR}'",NA,F
"Recursively search for all regular files below directory ""/system/folder3/"", and output the name of each, without any containing directories.",find /system/folder3/ -type f -exec basename {} \;,T,F,T,T,T,NA,NA,NA,find /system/folder3/ -type f | xargs -n 1 basename,NA,F
"Recursively unzip files to stdout in ""/system/folder2.tar.gz"" and search for ""special""","zcat -r /system/folder2.tar.gz | grep ""special""",T,F,T,T,T,NA,NA,NA,"tar -xzvf /system/folder2.tar.gz -O | grep ""special""",NA,F
"Remove ""\r"" at the end of each line in ""system/folder3/temp/temp1/text1.txt"" and display the result as printable characters or backslash escapes",cat /system/folder3/temp/temp1/text1.txt | sed 's/\r$//' | od -c,T,F,T,T,T,NA,NA,NA,cat system/folder3/temp/temp1/text1.txt | sed 's/\r$//' | od -c -An,NA,F
Remove all *.doc files from the /system/folder1 tree,"find /system/folder1 -name '*.doc' -exec rm ""{}"" \;",T,F,T,T,T,NA,NA,NA,find /system/folder1 -type f -name '*.doc' -delete,NA,F
Remove all *.log files from the /system/folder1 tree,find /system/folder1 -name '*.log' -print0 | xargs -0 rm,T,F,T,T,T,NA,NA,NA,find /system/folder1 -type f -name '*.log' -delete,NA,F
Remove all *.txt files in '/system' directory but not in it's subdirectories,find /system -maxdepth 1 -name '*.txt' -maxdepth 1 | xargs rm,F,F,T,T,F,NA,NA,find /system -name '*.txt' -maxdepth 1 | xargs rm,find /system -name '*.txt' -maxdepth 1 -delete,Gold command contained two maxdepth flags.,F
Remove all *.sql files in the '/system/folder3/backup_dbg' directory that were last modified more than 25 days ago,find /system/folder3/backup_dbg/*.sql -mtime +25 -exec rm -f {} \;,T,F,T,T,T,NA,NA,NA,find /system/folder3/backup_dbg -name '*.sql' -print -mtime +25 -delete,NA,F
Remove all *.txt files under the /system/folder1 directory modified more than 5 minutes ago,"find /system/folder1 -maxdepth 1 -mmin +5 -type f -name ""*.txt"" -delete",F,F,T,T,F,NA,NA,"find /system/folder1 -mmin +5 -type f -name ""*.txt"" -delete","find /system/folder1 -mmin +5 -type f -name ""*.txt"" | xargs rm -f",Gold command does not search subdirectories.,F
"Remove all *.txt files, except ""keep.txt"", under /system/folder1 directory modified more than 5 minutes ago","find /system/folder1 -maxdepth 1 -mmin +5 -type f -name ""*.txt"" ! -name ""keep.txt"" -delete",F,F,F,T,T,"Remove all *.txt files, except ""keep.txt"", under /system/folder1 directory modified more than 5 minutes ago. Do not include subdirectories.",NA,NA,"find /system/folder1 -maxdepth 1 -mmin +5 -type f -name ""*.txt"" ! -name ""keep.txt"" | xargs rm -f",Prompt did not specify that subdirectories should not be included.,F
"Remove all .sh files in the '/system/folder1' tree whose names begin with ""new""",find /system/folder1 -name 'new*.sh' -exec rm -f '{}' \;,T,F,T,T,T,NA,NA,NA,find /system/folder1 -name 'new*.sh' -delete,NA,F
"Remove all a.out, *.o, and core files under the '/system' directory",find /system \( -name a.out -o -name '*.o' -o -name 'core' \) -exec rm {} \;,T,F,T,T,T,NA,NA,NA,"find /system -type f \( -name ""a.out"" -o -name ""*.o"" -o -name ""core"" \) -delete",NA,F
Remove all but 5 last comma-separated fields from each line in '/system/folder1/data.csv',"cat /system/folder1/data.csv | rev | cut -d, -f-5 | rev",F,F,F,T,T,Print the last five lines of /system/folder1/data.csv,NA,NA,"tail -n 1 /system/folder1/data.csv | rev | cut -d',' -f1-5 | rev","Command does not update the csv file, modified the prompt to match.",F
"Remove all directories called ""temp"" from the /system directory tree","find /system -name ""temp"" -type f -delete",F,F,T,T,F,NA,NA,"find /system -name ""temp"" -type d -delete","find /system -type d -name ""temp"" -exec rm -rf {} +",Command removes files while the prompt specifies directories.,F
Remove all empty files in /system/folder3/temp and below,find /system/folder3/temp -type f -empty -print | xargs rm -f,T,F,T,T,T,NA,NA,NA,find /system/folder3/temp -type f -empty -print -delete,NA,F
Remove all files 'a.out' and *.o in the /system directory tree that were modified more than 7 days ago,find /system \( -name a.out -o -name '*.o' \) -mtime +7 -exec rm {} \;,F,F,F,F,F,Remove all files a.out and *.o in the /system directory tree that were modified less than 7 days ago,NA,find /system \( -name a.out -o -name '*.o' \) -mtime -7 -exec rm {} \;,"find /system -type f \( -name ""a.out"" -o -name ""*.o"" \) -mtime -7 -delete",The environment does not contain files modified more than 7 days ago.,F
"Remove all files and directories under '/system/folder3/temp' directory tree that match with one of the name patterns '.DS_Store', '._.DS_Store' , '._*', '.TemporaryItems' or '.apdisk'",find /system/folder3/temp \( -name '.DS_Store' -or -name '._.DS_Store' -or -name '._*' -or -name '.TemporaryItems' -or -name '.apdisk' \) -exec rm -rf {} \;,F,F,T,F,T,NA,touch /system/folder3/temp/.DS_Store,NA,find /system/folder3/temp \( -name '.DS_Store' -or -name '._.DS_Store' -or -name '._*' -or -name '.TemporaryItems' -or -name '.apdisk' \) -delete,Added .DS_Store file to /system/folder3/temp.,F
Remove empty directories from directory tree /system,find /system -type d -empty -exec rm -r {} \;,F,F,T,F,T,NA,NA,NA,NA,The environment does not contain empty directories due to the .gitkeep bug.,T
"Remove everything within parentheses and substitute all non digit characters with a space from ""1/2 [3] (27/03/2012 19:32:54) word word word word 4/5"" and format the output as a table",echo '1/2 [3] (27/03/2012 19:32:54) word word word word 4/5' | sed -e 's/(.*)//' -e 's/[^0-9]/ /g' | column -t,T,F,T,T,T,NA,NA,NA,echo '1/2 [3] (27/03/2012 19:32:54) word word word word 4/5' | sed 's/([^)]*)//g' | tr -c '0-9' ' ' | column -t,NA,F
"Remove files text2, text3, text4 in directory /system/folder1",find /system/folder1  -name 'text[2-4]' -exec rm {}  \;,F,F,T,T,F,NA,NA,find /system/folder1 -name 'text[2-4]*' -exec rm {} \;,find /system/folder1 -name 'text[2-4]*' -delete,Gold command was missing * and did not find files with .txt extension.,F
Remove files from the /system directory that are owned by nobody,find /system -nouser -exec rm {} +,F,F,T,F,T,NA,NA,NA,NA,Files owned by nobody do not exist in the environment and cannot be created.,T
Remove files that are greater than 1KB in size under /system directory,find /system -type f -size +1k -exec rm {} +,F,F,F,F,F,Remove files that are less than 1KB in size under /system directory,NA,find /system -type f -size -1k -exec rm {} +,find /system -type f -size -1k -delete,"No files are greater than 1KB, changed the prompt to less than 1KB.",F
"Remove junk files modified more than 31 days ago recursively from ""/system""",find /system -type f -mtime +31 -exec rm -f {} \;,F,F,F,T,T,"Remove files modified more than 31 days ago recursively from ""/system""",NA,NA,find /system -type f -mtime +31 -delete,"The term Junk Files is ambiguous, removed from prompt.",F
"Remove newline characters from ""/system/folder3/temp/temp1/text1.txt""","paste -sd """" /system/folder3/temp/temp1/text1.txt",F,F,F,T,T,"Print ""/system/folder3/temp/temp1/text1.txt"" without newline characters.",NA,NA,tr -d '\n' < /system/folder3/temp/temp1/text1.txt,"Command does not modify the file, updated prompt to print file contents.",F
Remove regular files in the /system directory tree,find /system -type f -print0 | xargs -0 -n1 echo rm | sh -x,F,F,T,T,F,NA,NA,find /system -type f -exec rm {} +,find /system -type f -delete,Gold command did not remove the specified files.,F
"Print summary of new/missing files, and which files differ between /system/folder1 and /system/folder2, sorted alphabetically.",diff -qr /system/folder1 /system/folder1 | sort,F,F,F,T,F,Print which files differ between /system/folder1 and /system/folder2.,NA,diff -qr /system/folder1 /system/folder2 | sort,diff -qr /system/folder1 /system/folder2,Simplified prompt and corrected gold command that compared the same directories.,F
Print amount of space available on the file system containing path to the /system directory in megabytes.,df /system -B MB | tail -1 | awk {'print $4'} | grep  .[0-9]*,F,F,T,T,F,NA,NA,df -m /system,df -m /system | grep / | tr -s ' ' | cut -d ' ' -f 4,Gold command displayed output in bytes.,F
Recursively find the latest modified file in the /system directory,find /system -type f | xargs ls -ltr | tail -n 1,F,F,T,F,T,NA,NA,NA,NA,All files are modified at the same time due to docker init.,T
"Display the number of sub-directories for all directories under /system directory tree, sort them according to the decreasing order of the number and show only the first 10 of them","find /system -type d -ls | awk '{print $4 - 2, $NF}' | sort -rn | head",F,F,F,T,F,Display the number of sub-directories under /system,NA,find /system -type d | wc -l,tree -d /system | tail -n 1,Simplified over complicated prompt and updated gold command.,F
"archive all files in /system/folder1 directory modified in the last 60 days to ""/mytarfile.tgz""",tar czvf mytarfile.tgz `find /system/folder1 -mtime -60`,F,F,F,T,F,"Archive all files in /system/folder1 directory modified in the last 60 days to ""/mytarfile.tgz"" with a time of 2023-01-01, owner of 0, and group of 0.",NA,tar --mtime='2023-01-01' --owner=0 --group=0 -czf mytarfile.tgz `find /system/folder1 -mtime -60`,tar --mtime='2023-01-01' --owner=0 --group=0 -czvf mytarfile.tgz `find /system/folder1 -mtime -60`,Metadata of the tar command must be fixed to result in equivalent backups. Corrected the prompt and gold command.,F
Create a symbolc link in the /system/folder1 to root folder,ln /system/folder1 -s /,T,F,T,T,T,NA,NA,NA,ln -s /system/folder1 /,NA,F
Remove files in the /system directory tree modified more than 31 days ago recursively,find /system -type f -mtime +31 -print0 | xargs -0 -r rm -f,F,T,T,T,T,NA,NA,NA,NA,Duplicate of 92.,T
"Write the current date and time followed by "" 1"" to the console and append to ""/system/folder3/temp/empty.txt""","echo $(date) ""1"" | tee -a /system/folder3/temp/empty.txt",T,F,T,T,T,NA,NA,NA,"echo $(date +""%Y-%m-%d~%H:%M:%S"") ""1"" | tee -a /system/folder3/temp/empty.txt",This case shows agent and eval containers are not run at the same time.,F
"Concatenate all .txt files residing in the /system tree into a single file ""/system/folder3/temp/empty.txt""","find /system -name ""*.txt"" -exec cat {} \; > /system/folder3/temp/empty.txt",F,F,F,T,F,"Concatenate all .txt files residing in the /system tree into a single file ""/system/folder3/temp/concat.txt""",NA,"find /system -name ""*.txt"" -not -name ""concat.txt"" -print -exec cat {} \; > /system/folder3/temp/concat.txt","find /system -type f -name ""*.txt"" -not -name ""concat.txt"" -print -exec cat {} \; > /system/folder3/temp/concat.txt",Gold command included the output file in the input causing it to fail.,F
compresses all the files in the /system folder with default depth to /backup,find /system -depth -print | cpio -dump /backup,F,F,F,T,T,Compresses all the files in the /system folder with default depth to /backup using cpio.,NA,NA,find /system -print | cpio -dump /backup,"Ambiguous prompt, changed to specify using cpio.",F
Copy all files in the /system directory except those containing 'text' to '/system/folder3/backup_dbg/backup'.,find /system -maxdepth 1 -type f -name '*text*' -exec cp {} /system/folder3/backup_dbg/backup \;,F,F,F,T,F,Copy all files in the /system directory except those containing 'text' to '/system/folder3/backup_dbg/backup'. Do not include subdirectories.,NA,find /system -maxdepth 1 -type f ! -name '*text*' -exec cp {} /system/folder3/backup_dbg/backup \;,find /system -maxdepth 1 -print -type f ! -name '*text*' -exec cp {} /system/folder3/backup_dbg/backup \;,Command searches for files containing text and ignores subdirectories. Updated prompt to match.,F
"Rename ""/system/folder3/temp/temp1"" to ""/system/folder3/temp/temp1_old"" and backup to ""/system/folder3/temp/temp1_old.old"" if ""/system/folder3/temp/temp1_old"" exists",mv /system/folder3/temp/temp1 /system/folder3/temp/temp1_old -b -S .old,F,F,F,T,F,"Rename ""/system/folder3/temp/temp1"" to ""/system/folder3/temp/temp1_old""",NA,mv /system/folder3/temp/temp1 /system/folder3/temp/temp1_old,cp -r /system/folder3/temp/temp1 /system/folder3/temp/temp1_old && rm -r /system/folder3/temp/temp1,Simplified overly complex prompt.,F
"Dump ""/system/text1.txt"" as ASCII characters",od -t c /system/text1.txt,T,F,T,T,T,NA,NA,NA,hexdump -C /system/text1.txt,NA,F
"create a compressed archive of /system/folder1 ""compress_folder1.tar.gz"" with verbose output",tar -zcvf compress_folder1.tar.gz /system/folder1,F,F,F,T,F,"Create a compressed archive of /system/folder1 ""compress_folder1.tar.gz"" with a time of 2023-01-01, owner of 0, and group of 0.",NA,tar --mtime='2023-01-01' --owner=0 --group=0 -zcf compress_folder1.tar.gz /system/folder1,tar --mtime='2023-01-01' --owner=0 --group=0 -zcvf compress_folder1.tar.gz /system/folder1,Metadata of the tar command must be fixed to result in equivalent backups. Corrected the prompt and gold command.,F
"download content from ""http://example.com/textfile.txt"" and output to 'textfile.txt' in /system",curl http://example.com/textfile.txt -o /system/textfile.txt,T,F,T,T,T,NA,NA,NA,curl -vo /system/textfile.txt http://example.com/textfile.txt,NA,F
Search in /system downwards all files whose size is 10 bytes ( Characters ) .,find /system -size 10c -print,F,F,F,T,F,Search in /system downwards all files whose size is greater than 10 bytes.,NA,find /system -size +10c -print,find /system -type f -size +10c,No files in the environment have a size of 10 bytes. Corrected prompt and command to be greater than 10 bytes.,F
"Calculate the md5sum of each "".txt"" file under ""/system"", sort the output, and calculate the md5sum of that",find /system -type f -name '*.txt' -exec md5sum {} + | awk '{print $1}' | sort | md5sum,F,F,F,T,F,"Calculate the md5sum of each "".txt"" file under ""/system"" and sort the output.",NA,find /system -type f -name '*.txt' -exec md5sum {} + | awk '{print $1}' | sort,"find /system -type f -name ""*.txt"" -exec md5sum {} + | sort",Simplified ambiguous prompt and corrected gold command.,F
"Search for the system host name in ""/etc/hosts"" and print the IP address in the first awk field",more /etc/hosts | grep `hostname` | awk '{print $1}',T,F,T,T,T,NA,NA,NA,"grep ""$(hostname)"" /etc/hosts | awk '{print $1}'",NA,F
find files in /workspace directory which are modified 30 days ago,find /workspace -daystart -type f -mtime -30,F,F,F,T,T,Find files in /workspace directory modified within 30 days.,NA,NA,find /workspace -type f -mtime -30,Prompt does not specify exactly 30 days or less than or equal to 30 days.,F
find files in the /workspace directory with pattern` *.c  that larger than 1 Kilobytes,find /workspace -name '*.c' -size +1k -print,T,F,T,T,T,NA,NA,NA,find /workspace -name '*.c' -size +1k,NA,F
"find files in the /workspace directory and sub-directories, that changed within last hour",find /workspace -cmin -60,F,F,F,F,F,"Find files in the /workspace directory and sub-directories, that changed over an hour ago.",NA,find /workspace -type f -cmin +60,find /workspace -type f -cmin +60 -print,"No files changed within the last hour, updated to files changed more than an hour ago. Gold command also searched for directories.",F
"find files in the /workspace directory and sub-directories, that were accessed within last hour",find /workspace -amin -60,F,F,F,F,F,"Find files in the /workspace directory and sub-directories, that were accessed over an hour ago.",NA,find /workspace -type f -amin +60,find /workspace -type f -amin +60 -print,"No files accessed within the last hour, updated to files accessed more than an hour ago. Gold command also searched for directories.",F
list all the drectories present in the /workspace directory and do not search in the sub directories.,find /workspace -maxdepth 1 -type d,T,F,T,T,T,NA,NA,NA,find /workspace -maxdepth 1 -type d,NA,F
list all the files in the /workspace directory which are of size 0 bytes.,find /workspace -empty,T,F,T,T,T,NA,NA,NA,find /workspace -empty -print,NA,F
list all zero-length files under the /workspace directory,find /workspace -empty -exec ls {} \;,T,F,T,T,T,NA,NA,NA,find /workspace -type f -size 0,NA,F
locate and remove large files (> 1 KB) in /workspace,find /workspace -type f -size +1k -delete,T,F,T,T,T,NA,NA,NA,find /workspace -type f -size +1k -exec rm {} \;,NA,F
long list al the files in the /workspace directory which have only read permission to the group,find /workspace -perm 400 -type f -exec ls -l {} \;,F,F,F,T,T,List all the files in the /workspace directory which have only read permission to the group.,NA,NA,find /workspace -perm 400 -ls,Corrected ambiguous prompt.,F
long list al the files in the /workspace directory which have all the permissions,find /workspace -perm 777 -type f -exec ls -l {} \;,F,F,F,T,T,List all the files in the /workspace directory which have permissions 777.,NA,NA,find /workspace -perm 777 -ls,Corrected ambiguous prompt.,F
long list the details of all the shell scripts in /workspace directory,"find /workspace -name ""*.sh"" -exec ls -ld {} \;",F,F,F,T,F,List the details of all the text files in /workspace directory.,NA,"find /workspace -name ""*.txt"" -exec ls -ld {} \;","find /workspace -name ""*.txt"" | xargs ls -ld","Environment does not display .sh files, replaced with .txt",F
move all files in the /workspace folder to / and do not move the files in the sub folder,find /workspace -maxdepth 1 -type f -exec mv -t / {} +,T,F,T,T,T,NA,NA,NA,find /workspace -maxdepth 1 -type f -exec mv {} / \;,NA,F
move files in /workspace accessed more than one day ago to directory /,find /workspace -atime +1 -type f -exec mv {} / \;,F,F,F,F,F,Move files in /workspace accessed less than one day ago to directory /.,NA,find /workspace -atime -1 -type f -exec mv {} / \;,find /workspace -type f -atime -1 -print0 | xargs -0 -I {} mv {} /,Environment does not contain files accessed more than one day ago. Changed to less than one day ago.,F
"print all filenames of files under /workspace/dir1 dir containing 'hello', case-insensitive",find /workspace/dir1 -type f -exec grep -il 'hello' {} \;,T,F,T,T,T,NA,NA,NA,grep -ril 'hello' /workspace/dir1,NA,F
print disk usage of files or folders in /workspace,du -sh /workspace,T,F,T,T,T,NA,NA,NA,du -h /workspace,NA,F
print the last word in /workspace/dir1/long.txt,tac /workspace/dir1/long.txt | awk 'NF{print $NF; exit}',T,F,T,T,T,NA,NA,NA,awk '{ for (i=1; i<=NF; i++) last=$i } END { print last }' /workspace/dir1/long.txt,NA,F
print top 3 largest files and /workspace,du -a /workspace | sort -nr | head -3,F,F,F,T,F,Print the 3 largest directories in /workspace.,NA,du -a /workspace | sort -nr | head -n 3,find /workspace -exec du -h {} + | sort -rh | head -n 3,"Command printed directory sizes, updated prompt to match.",F
"prints first line of ""/workspace/dir1/long.txt""",head -n1 /workspace/dir1/long.txt,T,F,T,T,T,NA,NA,NA,sed -n '1p' /workspace/dir1/long.txt,NA,F
"prints the last non-empty line of ""/workspace/dir1/a.txt""",tac /workspace/dir1/a.txt | grep -m 1 '.',T,F,T,T,T,NA,NA,NA,awk 'NF' /workspace/dir1/a.txt | tail -n 1,NA,F
prune all the files in the /workspace directory,find /workspace -prune,F,F,T,T,F,NA,NA,find /workspace -type f -delete,find /workspace -type f -exec rm -f {} +,Gold command with -prune option does not remove any files.,F
search for all the files in the  /workspace directory which have size greater than 1KB (approx) and less than 32KB(approx).,find /workspace -size +1000c -size -32000c -print,F,F,T,T,F,NA,NA,find /workspace -type f -size +1k -size -32k,find /workspace -type f -size +1k -size -32k -print,Gold command searched for directories and did not include the correct size limits.,F
search for all the files in the  /workspace folder and sort them in the order of their depth and display the file names,find  /workspace -type d -printf '%d\t%P\n' | sort -r -nk1 | cut -f2-,F,F,T,T,F,NA,NA,"find /workspace -type f | awk -F/ '{print NF, $0}' | sort -n","find /workspace -type f | awk -F/ '{print NF, $0}' | sort -n | cut -d' ' -f2-","Gold command displayed directories, not files.",F
search for all the files in the /workspace folder which are bigger than 1KB and display them biggest file,find /workspace -size +1k -exec ls -ls {} \+ | sort -n | tail -1,F,F,F,T,F,Search for all the files in the /workspace folder which are bigger than 1KB and display the biggest file.,NA,find /workspace -type f -size +1k -exec ls -ls {} + | sort -n | tail -1,find /workspace -type f -size +1k -exec ls -lh {} + | sort -k 5 -rh | head -n 1,Gold command searched for directories and files. Fixed typo in prompt.,F
search for text files in the  /workspace folder which do not have write access to others,"find  /workspace -type f \( -iname ""*.txt"" -not -perm -o=w \)",T,F,T,T,T,NA,NA,NA,"find /workspace -type f -name ""*.txt"" ! -perm -o=w",NA,F
"search for the directory ""mysql"" in the entire file system",find  /workspace -name mysql -type d,F,F,F,T,T,"Search for the directory ""mysql"" in the workspace directory.",NA,NA,"find workspace -type d -name ""mysql""","Prompt specified whole file system, but command searched workspace directory. Corrected prompt to match.",F
Print a list of all duplicate case insensitive filenames in the /workspace directory tree,find /workspace -type f | awk -F/ '{print $NF}' | sort -f | uniq -i -d,T,F,T,T,T,NA,NA,NA,find /workspace -type f | awk -F/ '{print tolower($NF)}' | sort | uniq -d,NA,F
search for the file foo in  the /workspace folder and display a long listing of it in sorted order of modification date,find /workspace -name foo | xargs ls -tl,F,F,F,T,F,Search for the file old2.txt in the /workspace folder and list its permissions and creation time.,NA,find /workspace -name old2.txt | xargs ls -tl,find /workspace -name old2.txt -print0 | xargs -0 ls -tl,"Environment does not contain a file ""foo"" without extension. Original command just listed the root directory.",F
"search for the word ""hello"" in all the regular/normal files in the  /workspace folder and display the matched file name","find  /workspace -type f | xargs grep -l ""hello""",T,F,T,T,T,NA,NA,NA,grep -rnw '/workspace' -e 'hello',NA,F
Calculate the md5 sum of all files in the /workspace directory with the filename printed first,"ls -p | grep -v /workspace | xargs md5sum | awk '{print $2,$1}'",F,F,T,T,F,NA,NA,"find /workspace -type f -exec md5sum {} + | awk '{print $2 "" "" $1}'","find /workspace -type f -print0 | xargs -0 md5sum | awk '{print $2 "" "" $1}'","Gold command searched within the root directory, not the workspace directory.",F
"Calculate the md5 sum of the contents of all files sorted in directory tree ""/workspace""",find /workspace -type f | sort -u | xargs cat | md5sum,F,F,F,T,F,"Calculate the md5 sum of all files in directory tree ""/workspace""",NA,find /workspace -type f -exec md5sum {} + | sort,find /workspace -type f -exec md5sum {} +,Corrected ambiguous prompt.,F
Change directory to the alphabetically last path under the /workspace directory,cd $(find /workspace -type d -print0 | sort -z | tr '\0' '\n' | tail -1),F,F,T,T,T,NA,NA,NA,NA,Environment does not support cd commands.,T
Count the number of unique 3 to 6 character file extensions are in the /workspace directory tree,"find /workspace -type f -name ""*.*"" | grep -o -E ""\.[^\.]+$"" | grep -o -E ""[[:alpha:]]{3,6}"" | awk '{print tolower($0)}' | sort | uniq -c | sort -rn",F,F,T,T,F,NA,NA,find /workspace -type f -name '*.*' | awk -F. 'NF>1 {ext=tolower($NF); if (length(ext) >= 3 && length(ext) <= 6) print ext}' | sort | uniq -c | wc -l,"find /workspace -type f -name '*.*' | sed -n 's/.*\.//p' | awk '{print tolower($0)}' | grep -E '^[a-z]{3,6}$' | sort -u | wc -l",Invalid gold command did not accomplish task.,F
"Create a copy of the /workspace directory structure in the /usr directory,",find /workspace -type d -print|sed 's@^@/usr/@'|xargs mkdir -p,T,F,T,T,T,NA,NA,NA,find /workspace -type d | cpio -pdm /usr,NA,F
Display a long listing of the oldest file under '/workspace' directory tree,"find /workspace -printf ""%T@ %p\n"" | sort -n | head -1 | cut -d"" "" -f2- | xargs ls -al",F,F,T,T,F,NA,NA,find /workspace -type f -printf '%T+ %p\n' | sort | head -n 1 | awk '{print $2}' | xargs ls -l,find /workspace -type f -exec stat --format '%Y %n' {} \; | sort -n | head -n 1 | cut -d' ' -f2- | xargs ls -l,Invalid gold command did not accomplish task.,F
Find the largest 2 directories under /workspace directory,find /workspace -type d -print0 | xargs -0 du | sort -n | tail -2 | cut -f2 | xargs -I{} du -sh {},T,F,T,T,T,NA,NA,NA,find /workspace -type d -print0 | xargs -0 du | sort -n | tail -2,NA,F
List all files with their paths that have identical content in /workspace directory,find /workspace -type f | xargs md5sum | sort | uniq -Dw32,T,F,T,T,T,NA,NA,NA,find /workspace -type f -print0 | xargs -0 md5sum | sort | uniq -w32 -D,NA,F
"Make directories for each unique file path in ""/workspace/files.txt""","cat /workspace/files.txt |xargs -I {} dirname ""{}""| sort -u | xargs -I{} mkdir -p ""{}""",F,F,T,F,T,NA,"echo -e ""/workspace/dir2/foo.txt
/workspace/dir9/foo.txt"" > /workspace/files.txt",NA,"cat /workspace/files.txt | xargs -I {} dirname {}| sort -u | xargs -I{} mkdir -p ""{}""",Files.txt contained one file path that already existed. Added a new file path.,F
"Print the total disk usage in bytes of all files listed in ""/workspace/files.txt""",cat /workspace/files.txt | xargs du -c | tail -1 | awk '{print $1}',F,F,T,T,F,NA,NA,cat /workspace/files.txt | xargs du -b | tail -1 | awk '{print $1}',awk '{print $0}' /workspace/files.txt | xargs du -b | awk '{sum += $1} END {print sum}',Gold command did not print the size in bytes.,F
Unhide all hidden files in the /workspace directory,"find /workspace -maxdepth 1 -type f -name '.*' -exec sh -c 'mv ""$0"" ""${0%/\.*}/${0##*/.}""' {} \;",F,F,F,T,T,Unhide all hidden files in the /workspace directory. Do not include subdirectories.,NA,NA,"find /workspace -maxdepth 1 -type f -name '.*' -exec sh -c 'mv ""$1"" ""${1%/\.*}/${1##*/.}""' _ {} \;",Prompt did not specify sub directories.,F
"Count the number of differing lines in ""/workspace/dir1/long.txt"" and ""/workspace/dir1/terminate.txt""",diff /workspace/dir1/long.txt /workspace/dir1/terminate.txt | grep ^[\>\<] | wc -l,T,F,T,T,T,NA,NA,NA,diff /workspace/dir1/long.txt /workspace/dir1/terminate.txt | grep '^>' | wc -l,NA,F
"Count the number of differing lines in ""/workspace/dir1/terminate.txt"" and ""/workspace/dir1/long.txt"" with 0 lines of unified context",diff -U 0 /workspace/dir1/terminate.txt /workspace/dir1/long.txt | grep -v ^@ | wc -l,T,F,T,T,T,NA,NA,NA,diff -U 0 /workspace/dir1/terminate.txt /workspace/dir1/long.txt | grep -v '^@' | wc -l,NA,F
Counts lines in file /workspace/dir1/a.txt ignoring empty lines and lines with spaces only.,awk '!/^[[:space:]]*$/{++x} END{print x}' /workspace/dir1/a.txt,T,F,T,T,T,NA,NA,NA,grep -v '^[[:space:]]*$' /workspace/dir1/a.txt | wc -l,NA,F
"Create a symbolic link in directory ""~/newlinks"" for each file listed in ""/workspace/results.txt""",cat /workspace/results.txt | xargs -I{} ln -s {} ~/newlinks,T,F,T,T,T,NA,NA,NA,cat /workspace/results.txt | xargs -I {} ln -s {} ~/newlinks,NA,F
Delete all hidden files under /workspace,find /workspace -type f -name '.*' -delete,T,F,T,T,T,NA,NA,NA,find /workspace -type f -name '.*' -exec rm -f {} \;,NA,F
Determine if /workspace/dir2/mysql/ exists on a mounted file system.,df /workspace/dir2/mysql/,T,F,T,T,T,NA,NA,NA,mountpoint /workspace/dir2/mysql/,NA,T
"Display a dump of ""/workspace/dir1/long.txt"" as floating point values of double size",od -t fD /workspace/dir1/long.txt,T,F,T,T,T,NA,NA,NA,od -An -t fD /workspace/dir1/long.txt,NA,F
Display differences between list of files in /workspace/dir1 and /workspace/dir2.,diff <(ls /workspace/dir1) <(ls /workspace/dir2),T,F,T,T,T,NA,NA,NA,diff -qr /workspace/dir1 /workspace/dir2,NA,F
Display the file size of file '/workspace/dir1/sum.c' in bytes,du -sb /workspace/dir1/sum.c | cut -f1,T,F,T,T,T,NA,NA,NA,stat -c %s /workspace/dir1/sum.c,NA,F
Display the last slash-separated part of each filename path in /workspace/dir1/file.txt,rev /workspace/dir1/file.txt | cut -d/ -f1 | rev,T,F,T,T,T,NA,NA,NA,awk -F/ '{print $NF}' /workspace/dir1/file.txt,NA,F
Display the sizes and filepaths of all files/directories in /workspace directory sorted in descending order of size,du /workspace -a -h --max-depth=1 | sort -hr,F,F,T,T,F,NA,NA,du /workspace -a -h | sort -hr,du -ah /workspace | sort -rh,Gold command did not include sub directories.,F
Print percentage of the space used on the /workspace directory.,df -k /workspace | tail -1 | awk '{print $5}',T,F,T,T,T,NA,NA,NA,df -h /workspace | awk 'NR==2 {print $5}',NA,F
"Print the contents of ""/workspace/dir1/long.txt"" in reverse order",nl /workspace/dir1/long.txt | sort -nr | cut -b8-,T,F,T,T,T,NA,NA,NA,tac /workspace/dir1/long.txt,NA,F
"Create an empty file ""Icon"" with a carriage return character in the end of its name.",echo $'Icon\r' | xargs touch,F,F,F,T,F,"Create an empty file ""Icon"" in workspace/ with a carriage return character in the end of its name.",NA,echo $'workspace/Icon\r' | xargs touch,"touch ""workspace/Icon""$'\r'",Creating the file outside the workspace directory does not allow the environment to measure changes. Updated to create the file in the workspace directory.,F
Create a symbolc link in the /workspace/dir1 to root folder,ln /workspace/dir1 -s /,T,F,T,T,T,NA,NA,NA,ln -s /workspace/dir1 /,NA,F
"Display permissions, user, group, and full path for each file in the /workspace directory tree",tree /workspace -p -u -g -f,T,F,T,T,T,NA,NA,NA,find /workspace -type f -exec stat --format '%A %U %G %N' {} \;,NA,F
Search for 'hello' case insensitively in all files under /workspace directory tree and show the matched lines with their filenames,"find /workspace -type f -print0  | xargs -0 grep -iH ""hello""",T,F,T,T,T,NA,NA,NA,grep -ri 'hello' /workspace,NA,F
"Split the output of ""/workspace/archive.tar.gz"" into files of at most 10 MiB in size and use prefix ""output_prefix""",tar -xf /workspace/archive.tar.gz | split -b 10M -d - /output_prefix,F,F,T,F,F,NA,NA,NA,NA,Unzipping tar file overwrites workspace directory. Removing.,T
Unpack all *.gz archives in the /workspace directory tree,find /workspace -name '*.gz' -print0 | xargs -0 gunzip,T,F,T,T,T,NA,NA,NA,find /workspace -type f -name '*.gz' -exec gunzip {} +,NA,F
"Uncompress ""/workspace/archive.tar.gz"" and extract the archive to ""/backup""",gzip -dc /workspace/archive.tar.gz | tar -xf - -C /backup,T,F,T,T,T,NA,NA,NA,tar -xzvf /workspace/archive.tar.gz -C /backup,NA,F
"Create a symbolic link to ""/workspace/dir1/terminate.txt"" named ""/workspace/test""",ln /workspace/dir1/terminate.txt /workspace/test,T,F,T,T,T,NA,NA,NA,ln -s /workspace/dir1/terminate.txt /workspace/test,NA,F
"Retrieve only build number of current kernel, ie. #104",uname -v | grep -o '#[0-9]\+',T,F,T,T,T,NA,NA,NA,uname -r | awk -F'-' '{print $2}',NA,F
Print reverse lookup for adress 127.0.0.1,dig -x 127.0.0.1,T,F,T,T,T,NA,NA,NA,nslookup 127.0.0.1,NA,F
"List file information of the full path of command ""c++""",ls -ald `which c++`,F,F,F,F,F,"List file information of the full path of command ""grep""",NA,ls -ald `which grep`,stat $(which grep),"Environment does not contain c++ command, changed to grep.",F
"Extract host name part from ""http://www.google.com""","echo ""http://www.google.com"" | cut -d'/' -f3",T,F,T,T,T,NA,NA,NA,"echo ""http://www.google.com"" | sed -E 's|https?://([^/]+).*|\1|'",NA,F
"List environment variables and their values, escaping all semicolons with a backslash.",env | sed 's/;/\\;/g',T,F,T,T,T,NA,NA,NA,"while IFS= read -r line; do echo ""${line//;/\\;}""; done < <(env)",HOSTNAME will differ between containers.,F
Displays a tree of all process alongside their command line arguments.,pstree -a,T,F,T,T,T,NA,NA,NA,"ps -eo pid,ppid,cmd --forest",NA,F
"Create intermediate directories ""dir"" and ""subdir"" as required and create ""subsubdir""",mkdir -p dir/subdir/subsubdir,T,F,T,T,T,NA,NA,NA,mkdir -p dir/subdir/subsubdir,NA,F
"Change to the directory of the executable ""python""",cd `dirname $(which python)`,F,F,T,F,T,NA,NA,NA,NA,cd commands not supported by environment.,T
"Print numbers 1 through 10 separated by "":""",yes | head -n10 | grep -n . | cut -d: -f1 | paste -sd:,T,F,T,T,T,NA,NA,NA,"echo $(seq -s "":"" 1 10)",NA,F
print all readline bindings,bind -P,T,F,T,T,T,NA,NA,NA,bind -P,NA,F
"list names of bind functions containing ""p""",bind -l | grep p,T,F,T,T,T,NA,NA,NA,bind -l | egrep 'p',NA,F
List all files on smbfs mounts,mount -v | grep smbfs | awk '{print $3}' | xargs ls -ls,F,F,T,F,T,NA,NA,NA,NA,Mounts do not exist in the environment.,T
Save first IP address of domain 'google.com' in 'address' variable and display it,address=$(dig +short google.com | grep -E '^[0-9.]+$' | head -n 1) && echo $address,T,F,T,T,T,NA,NA,NA,address=$(dig +short google.com | grep -m 1 '^[0-9]' | head -n 1) && echo $address,NA,F
"Remove all characters except "";"" and digits from the string ""  Hello world;876	  """,echo '  Hello world;876	  ' | tr -cd ';0-9',T,F,T,T,T,NA,NA,NA,"echo ""  Hello world;876     "" | sed 's/[^0-9;]//g'",NA,F
"Remove leading and trailing spaces or tabs from ""  Hello world!	  """,echo '  Hello world!	  ' | sed -e 's/^[ \t]*//' | sed -e 's/[ \t]*$//',T,F,T,T,T,NA,NA,NA,"echo -n ""  Hello world!    "" | sed 's/^[ \t]*//;s/[ \t]*$//'",NA,F
"Remove the last 3 characters from ""987654321""",echo 987654321 | rev | cut -c 4- | rev,T,F,T,T,T,NA,NA,NA,"echo ""987654321"" | sed 's/...$//'",NA,F
Print source of the file system containing current working directory.,df . | tail -1 | awk '{print $1}',T,F,T,T,T,NA,NA,NA,df -P . | awk 'NR==2 {print $1}',NA,F
"List all variables (names only) with names containing ""H"".",env | awk -F= '{if($1 ~ /H/) print $1}',T,F,T,T,T,NA,NA,NA,env | grep '^[^=]*H[^=]*=' | awk -F= '{print $1}',NA,F
Print a list of unique users who are logged in,who | cut -d' ' -f1 | sort | uniq,T,F,T,T,T,NA,NA,NA,who | awk '{print $1}' | sort | uniq,NA,F
"Ping hostname, grep for 192.168.11 and print the IP from the output",ping -c 1 hostname | grep 192.168.11 | grep 'bytes from' | awk '{print $4}' | sed 's/://g',F,F,F,T,F,ping 192.168.1.1,NA,ping -w 1 192.168.1.1,ping -w 1 192.168.1.1,Simplified over complicated command with incorrect ip address.,F
Print a line of 99 '=' characters,seq -s= 100|tr -d '[:digit:]',T,F,T,T,T,NA,NA,NA,printf '=%.0s' {1..99},NA,F
Counts all business days in a current month.,cal -h | cut -c 4-17 | tail -n +3  | wc -w,F,F,T,T,F,NA,NA,NA,NA,Invalid use of cal command.,T
Count number of users logged in,who | awk -F' ' '{print $1}' | sort -u | wc -l,T,F,T,T,T,NA,NA,NA,who | wc -l,"Docker environemnt will show zero users, but this is still a valid task.",F
"Displays calendar of a previous, current and next month for December of 2120 year.",cal -3 12 2120,T,F,T,T,T,NA,NA,NA,cal -3 12 2120,NA,F
"Extract, sort and print only group names from /etc/group.",cut -d: -f1 /etc/group | sort,T,F,T,T,T,NA,NA,NA,cut -d: -f1 /etc/group | sort | uniq,NA,F
Store system load average number in the 'proc_load_average' variable and print it.,"proc_load_average=$(w | head -n 1 | awk '{print $NF}' | tr ',' '.') && echo $proc_load_average",F,F,T,F,T,NA,NA,NA,proc_load_average=$(cut -d  -f 1 /proc/loadavg) && echo $proc_load_average,This will differ between containers.,T
Calculate the sum of all the numbers from 1 to 10,seq 10 | jq -s 'add',T,F,T,T,T,NA,NA,NA,echo $(( (10 * (10 + 1)) / 2 )),NA,F
Count the number of files and directories in the entire testbed directory,find /testbed | wc -l,T,F,T,T,T,NA,NA,NA,find /testbed -print | wc -l,NA,F
Find all text files in the testbed directory and subdirectories and concatenate them into a single file,find /testbed -type f -name '*.txt' -exec cat {} ; > /testbed/concatenated_text_files.txt,F,F,T,T,F,NA,NA,NA,NA,Command times out.,T
Find all directories in the testbed directory that have at least one Python script and list the number of Python scripts in each directory,"find /testbed -type d -exec sh -c 'echo -n ""{}: ""; ls -1 {}/*.py 2>/dev/null | wc -l' \;",F,F,F,T,F,Print the number of python files in the testbed directory.,NA,"find testbed -type f -name ""*.py"" | wc -l","find testbed -type f -name ""*.py"" -print | wc -l",Simplified overly complex prompt.,F
Sort the lines of textfile1.txt in reverse alphabetical order and save the result to a new file,sort -r /testbed/dir1/textfile1.txt > /testbed/dir1/textfile1_reverse_sorted.txt,T,F,T,T,T,NA,NA,NA,sort -r /testbed/dir1/textfile1.txt > /testbed/dir1/textfile1_reverse_sorted.txt,NA,F
Search for all files containing the word 'error' and sort them by size,find testbed/ -type f -exec grep -l 'error' {} + | xargs du -b | sort -n,F,F,F,T,F,Search for all files containing the word 'Shell' in testbed.,NA,find /testbed -type f -exec grep -l 'Shell' {} +,grep -r 'Shell' /testbed,Gold command incorrectly lists system files. Simplified prompt and commands.,F
Find all symbolic links in testbed/ that point to files which were modified in the last 7 days,find testbed/ -type l -lname '*testbed/*' -mtime -7 -ls,F,F,F,T,F,Find all symbolic links in the testbed directory.,NA,find /testbed -type l,find /testbed -type l -print,Simplified prompt based on environment's find command limitations.,F
Get the total size of all files in testbed/ and save it to a file,find testbed/ -type f -printf '%s\n' | awk '{s+=$1} END {print s}' > total_size.txt,F,F,F,T,F,Get the total size of all files in testbed/ and save it to total_size.txt,NA,du -sh testbed/ | awk '{print $1}' > total_size.txt,du -s testbed/ | awk '{print $1}' > total_size.txt,Corrected ambiguous prompt and invalid find command.,F
Find all PNG files in testbed/ and convert them to JPEG with a quality of 90%,find testbed/ -name '*.png' -exec convert -quality 90 {} {}.jpg \;,F,F,T,F,T,NA,NA,NA,NA,The environment does not contain any image files.,T
List all files in the directory /testbed/dir1 and sort them by size in human-readable format,ls -lhS /testbed/dir1,T,F,T,T,T,NA,NA,NA,ls -lhS /testbed/dir1,NA,F
Count the number of lines in all text files under the directory /testbed/dir2,grep -rl . /testbed/dir2 | xargs wc -l,F,F,F,T,T,Count the number of lines in files under the directory /testbed/dir2.,NA,NA,find /testbed/dir2 -type f -exec wc -l {} +,"Gold command did not only count .txt files, updated prompt to match.",F
Print the name and size of the 3 largest files in the directory /testbed/dir3,du -a /testbed/dir3 | sort -rn | head -n 3,F,F,T,T,F,NA,NA,find /testbed/dir3 -type f -exec ls -lhS {} + | sort -rh -k5 | head -n 3,find /testbed/dir3 -type f -exec ls -lhS {} + 2>/dev/null | sort -rh -k5 | head -n 3,Gold command listed directories not files.,F
Find all empty directories in the directory /testbed and delete them,find /testbed -type d -empty -delete,F,F,T,F,T,NA,NA,NA,NA,Environment does not contain empty directories.,T
Rename all files with extension .txt under the directory /testbed to have a .md extension instead,find /testbed -type f -name '*.txt' -exec rename .txt .md {} +,F,F,T,F,T,NA,NA,NA,NA,Environment does not contain the rename utility.,T
Find all files modified in the last 2 hours and compress them into a tarball named archive.tar.gz in the directory /testbed,find /testbed -type f -mmin -120 -print0 | xargs -0 tar -czf /testbed/archive.tar.gz,T,F,T,T,T,NA,NA,NA,find /testbed -type f -mmin -120 -print0 | xargs -0 tar -czf /testbed/archive.tar.gz,Results in empty archive.,F
List all subdirectories of /testbed that are not named subdir1,ls -d /testbed/*/ | grep -v /subdir1/,T,F,T,T,T,NA,NA,NA,"find /testbed -mindepth 1 -maxdepth 1 -type d ! -name ""subdir1""",NA,F
Search for all files that contain the string 'text file' in their name or content under the directory /testbed,grep -r 'text file' /testbed,F,F,F,T,T,Search for all files that contain the string 'text file' under the directory /testbed,NA,NA,grep -rl 'text file' /testbed,"Command only searched file contents, not names. Updated prompt to match.",F
Compute the MD5 hash of all files under the directory /testbed and store them in a file named hashes.txt in the same directory,find /testbed -type f -exec md5sum {} + > /testbed/hashes.txt,T,F,T,T,T,NA,NA,NA,find /testbed -type f -exec md5sum {} + > /testbed/hashes.txt,NA,F
Print the last 10 lines of the file /testbed/dir3/subdir1/subsubdir1/textfile3.txt,tail -n 10 /testbed/dir3/subdir1/subsubdir1/textfile3.txt,T,F,T,T,T,NA,NA,NA,tail -n 10 /testbed/dir3/subdir1/subsubdir1/textfile3.txt,NA,F
Find all symbolic links under the directory /testbed and print their target path,"find /testbed -type l -printf '%p -> %l
'",F,F,T,F,T,NA,NA,NA,NA,There are no links in the testbed environment.,T
Print the line number and contents of all lines containing the string 'value3' in the file /testbed/dir1/subdir1/jsonfile1.json,grep -n 'value3' /testbed/dir1/subdir1/jsonfile1.json,T,F,T,T,T,NA,NA,NA,grep -n 'value3' /testbed/dir1/subdir1/jsonfile1.json,NA,F
Find all files in the directory /testbed that have been modified in the last 24 hours and print their path,find /testbed -type f -mtime -1 -print,T,F,T,T,T,NA,NA,NA,find /testbed -type f -mtime -1,NA,F
Display the contents of jsonfile1.json in a prettified JSON format using a third-party tool 'jq',cat /testbed/dir1/subdir1/jsonfile1.json | jq .,F,F,T,F,T,NA,NA,NA,NA,jq utility is not installed on the system.,T
Search for all the files in /testbed directory and its subdirectories that contain the word 'Hello' and replace it with 'Hi' in-place.,"grep -rl ""Hello"" /testbed | xargs sed -i 's/Hello/Hi/g'",T,F,T,T,T,NA,NA,NA,grep -rl 'Hello' /testbed | xargs sed -i 's/Hello/Hi/g',NA,F
"Display the contents of textfile3.txt and textfile4.txt side by side, with line numbers and a separator between them.","paste -d ""	"" - -s < /testbed/dir3/subdir1/subsubdir1/textfile3.txt < /testbed/dir1/subdir1/textfile4.txt",T,F,T,T,F,NA,NA,paste <(nl /testbed/dir3/subdir1/subsubdir1/textfile3.txt) <(nl /testbed/dir1/subdir1/textfile4.txt),paste <(nl /testbed/dir3/subdir1/subsubdir1/textfile3.txt) <(nl /testbed/dir1/subdir1/textfile4.txt),Malformed gold command.,F
